<PAMDataset>
  <PAMRasterBand band="1">
    <Histograms>
      <HistItem>
        <HistMin>21870000</HistMin>
        <HistMax>97580000</HistMax>
        <BucketCount>256</BucketCount>
        <IncludeOutOfRange>1</IncludeOutOfRange>
        <Approximate>0</Approximate>
        <HistCounts>1|0|0|0|0|0|1|0|0|0|0|1|1|0|0|2|0|0|0|0|0|0|0|0|0|0|2|1|0|0|0|0|0|1|0|2|0|1|0|0|1|0|1|0|0|0|4|2|0|1|1|0|0|3|1|0|8|0|3|1|2|4|1|2|0|1|4|5|2|2|5|5|0|2|0|2|1|3|1|2|0|1|5|0|5|1|5|6|5|9|3|5|6|9|4|2|10|2|4|6|3|7|3|7|5|2|1|6|2|4|7|5|13|15|8|7|2|2|5|4|8|11|7|9|11|11|5|10|8|15|11|23|10|9|11|14|10|13|9|20|14|10|19|8|13|8|23|13|11|13|23|20|24|22|19|17|22|30|24|21|22|27|42|13|27|30|17|17|32|21|31|36|38|26|28|16|42|24|34|43|33|34|39|38|54|62|41|40|55|37|45|35|47|39|53|34|46|40|68|54|57|60|56|43|72|70|82|58|75|71|48|65|88|75|92|48|75|63|73|69|66|63|57|40|62|52|53|42|60|25|44|28|32|47|42|35|39|24|15|5|9|4|4|0|2|0|0|0|0|1|3|1|0|1|0|1</HistCounts>
      </HistItem>
    </Histograms>
    <Metadata>
      <MDI key="STATISTICS_MAXIMUM">0.9758</MDI>
      <MDI key="STATISTICS_MEAN">0.77917705426357</MDI>
      <MDI key="STATISTICS_MINIMUM">0.2187</MDI>
      <MDI key="STATISTICS_STDDEV">0.11302243885298</MDI>
    </Metadata>
  </PAMRasterBand>
</PAMDataset>
